Название люстры,Цена,Ссылка на товар
Люстра Ливсден Brown,17 590руб.,https://www.divan.ru/product/lyustra-livsden-brown
Подвесной светильник Ливсден Brown,3990руб.,https://www.divan.ru/product/podvesnoj-svetilnik-livsden-brown
Настольная лампа Ливсден Brown,7590руб.,https://www.divan.ru/product/nastolnaya-lampa-livsden-brown
Бра Флиммер Black,1390руб.,https://www.divan.ru/product/bra-flimmer-black
Люстра Флиммер Black,6290руб.,https://www.divan.ru/product/lyustra-flimmer-black
Подвесной светильник Флиммер Black,1590руб.,https://www.divan.ru/product/podvesnoj-svetilnik-flimmer-black
Настольная лампа Арбет Orange,2390руб.,https://www.divan.ru/product/nastolnaya-lampa-arbet-orange
Неизвестное название,Неизвестная цена,Нет ссылки
Настольная лампа Леррет Beige,3990руб.,https://www.divan.ru/product/nastolnaya-lampa-lerret-beige
Настольная лампа Леррет White,2590руб.,https://www.divan.ru/product/nastolnaya-lampa-lerret-white
Люстра Синдри Black,13 990руб.,https://www.divan.ru/product/lyustra-sindri-black
Настольная лампа Арбет White,2390руб.,https://www.divan.ru/product/nastolnaya-lampa-arbet-white
Настольная лампа Истад Black,1690руб.,https://www.divan.ru/product/nastolnaya-lampa-istad-black
Настольная лампа Арбет Black,2390руб.,https://www.divan.ru/product/nastolnaya-lampa-arbet-black
Неизвестное название,Неизвестная цена,https://www.divan.ru/vladimir/landing/kamchatka
Торшер Нидлс Khaki,14 990руб.,https://www.divan.ru/product/torsher-nidls-khaki
Настольная лампа Нидлс Raffia Beige,4990руб.,https://www.divan.ru/product/nastolnaya-lampa-nidls-raffia-beige
Настольная лампа Манэт White,2290руб.,https://www.divan.ru/product/nastolnaya-lampa-manet-white
Люстра Боллар White,22 990руб.,https://www.divan.ru/product/lyustra-bollar-white
Настольная лампа Рибе Black,1890руб.,https://www.divan.ru/product/nastolnaya-lampa-ribe-black
Настольная лампа Арбет Silver,3390руб.,https://www.divan.ru/product/nastolnaya-lampa-arbet-silver
Настольная лампа Рибе Orange,1890руб.,https://www.divan.ru/product/nastolnaya-lampa-ribe-orange
Настольная лампа Спайк Pink,1390руб.,https://www.divan.ru/product/nastolnaya-lampa-spajk-pink
Неизвестное название,Неизвестная цена,https://www.divan.ru/category/promo-yandex-split
Настольная лампа Снибальд White,790руб.,https://www.divan.ru/product/nastolnaya-lampa-snibald-white
Настольная лампа Арбет Beige,2390руб.,https://www.divan.ru/product/nastolnaya-lampa-arbet-beige
Настольная лампа Спайк White,1390руб.,https://www.divan.ru/product/nastolnaya-lampa-spajk-white
Подвесной светильник Клауд White,9990руб.,https://www.divan.ru/product/podvesnoj-svetilnik-klaud-white
Подвесной светильник Сансет Black,5990руб.,https://www.divan.ru/product/podvesnoj-svetilnik-sanset-black
Торшер Билли Black,19 690руб.,https://www.divan.ru/product/torsher-billi-black
Неизвестное название,Неизвестная цена,Нет ссылки
Настольная лампа Синдри Grey,4390руб.,https://www.divan.ru/product/nastolnaya-lampa-sindri-grey
Подвесной светильник Бабл-9,19 990руб.,https://www.divan.ru/product/podvesnoj-svetilnik-babl-9
Торшер Бабл-1,6990руб.,https://www.divan.ru/product/torsher-babl-1
Подвесной светильник Бабл-3,6990руб.,https://www.divan.ru/product/podvesnoj-svetilnik-babl-3
Бра Бабл Black,2590руб.,https://www.divan.ru/product/bra-babl-black
Настольная лампа Дэнди Black,3990руб.,https://www.divan.ru/product/nastolnaya-lampa-dendi-black
Настольная лампа Алней Black,3990руб.,https://www.divan.ru/product/nastolnaya-lampa-alnej-black
Настольная лампа Дэнди White,3990руб.,https://www.divan.ru/product/nastolnaya-lampa-dendi-white
Торшер Варио White,7590руб.,https://www.divan.ru/product/torsher-vario-white
Бра Варио Black,1090руб.,https://www.divan.ru/product/bra-vario-black
Бра Варио White,1090руб.,https://www.divan.ru/product/bra-vario-white
Подвесной светильник Сансет White,5990руб.,https://www.divan.ru/product/podvesnoj-svetilnik-sanset-white
Настольная лампа Алней Beige,3990руб.,https://www.divan.ru/product/nastolnaya-lampa-alnej-beige
Подвесной светильник Кэндел Black,3990руб.,https://www.divan.ru/product/podvesnoj-svetilnik-kendel-black
Подвесной светильник Кэндел White,3990руб.,https://www.divan.ru/product/podvesnoj-svetilnik-kendel-white
Настольная лампа Астри Black,1390руб.,https://www.divan.ru/product/nastolnaya-lampa-astri-black
Торшер Сканди White,9990руб.,https://www.divan.ru/product/torsher-skandi-white
Настольная лампа Гровер Glass,6490руб.,https://www.divan.ru/product/nastolnaya-lampa-grover-glass
Торшер Рэй White,5590руб.,https://www.divan.ru/product/torsher-rej-white
Настольная лампа Астри Beige,1390руб.,https://www.divan.ru/product/nastolnaya-lampa-astri-beige
Торшер Мун Black,8990руб.,https://www.divan.ru/product/torsher-mun-black
